{"metadata":{"usedHelpers":[],"marked":[],"modules":{"imports":[],"exports":{"exported":[],"specifiers":[]}}},"options":{"filename":"/packages/http/deprecated.js","filenameRelative":"/packages/http/deprecated.js","env":{},"retainLines":false,"highlightCode":true,"suppressDeprecationMessages":false,"presets":[],"plugins":[[[],null],[[],null],[[],null],[[],null],[[],null],[[],null],[[],null],[[],{"polyfill":false}],[[],null],[[],null],[[],null],[[],null],[[],null],[[],null],[[],null],[[],null],[[],{"loose":true}],[[],{"loose":true}],[[],null],[[],{"loose":true}],[[],null],[[],null],[[],{"allowTopLevelThis":true,"strict":false,"loose":true}],[[],null],[[],null],[[],null],[[],null],[[],null],[[],{"loose":true}],[[],null],[[],null],[[],null],[[],null],[[],null],[[],null],[[],null],[[],null]],"ignore":[],"code":true,"metadata":true,"ast":false,"comments":true,"compact":false,"minified":false,"sourceMap":true,"sourceMaps":true,"sourceMapTarget":"/packages/http/deprecated.js.map","sourceFileName":"/packages/http/deprecated.js","babelrc":false,"sourceType":"module","moduleIds":false,"passPerPreset":false,"basename":"deprecated"},"ignored":false,"code":"// The HTTP object used to be called Meteor.http.\n// XXX COMPAT WITH 0.6.4\nMeteor.http = HTTP;","ast":null,"map":{"version":3,"sources":["/packages/http/deprecated.js"],"names":[],"mappings":";;AAEA,OAAO,IAAP,GAAc,IAAd","file":"/packages/http/deprecated.js.map","sourcesContent":["// The HTTP object used to be called Meteor.http.\n// XXX COMPAT WITH 0.6.4\nMeteor.http = HTTP;\n"]},"hash":"24d72b9b0024e1b619537307ba4e5ba06d1430cd"}
